Time (%),Total Time (ns),Num Calls,Avg (ns),Med (ns),Min (ns),Max (ns),StdDev (ns),Name
82.3,1254166191,77,16287872.6,10485.0,3358,635564157,100264224.8,cudaStreamSynchronize
16.8,256046492,25468,10053.7,9027.5,4910,2018258,13228.3,cudaLaunchKernel
0.5,7079071,25158,281.4,269.0,86,23295,320.3,cuKernelGetName
0.4,6560022,371,17682.0,14562.0,3570,259702,16794.8,cudaMemcpyAsync
0.0,126929,10,12692.9,11870.0,9211,24274,4315.3,cuLaunchKernelEx
0.0,104189,9,11576.6,10476.0,7909,23671,4696.8,cudaMemsetAsync
0.0,61758,68,908.2,874.5,359,6505,793.5,cudaStreamIsCapturing_v10000
0.0,24408,1,24408.0,24408.0,24408,24408,0.0,cudaDeviceSynchronize
0.0,20630,10,2063.0,1926.5,1744,2874,345.2,cudaStreamGetCaptureInfo_v2_v11030
0.0,8785,20,439.3,386.5,172,1105,246.7,cuKernelSetAttribute
0.0,5660,1,5660.0,5660.0,5660,5660,0.0,cuProfilerStart
