phase,category,count,total_us
lm_decode,attention,186,328.72
lm_decode,conv,310,830.89
lm_decode,copy_index,5766,12652.74
lm_decode,elementwise,11966,19260.18
lm_decode,gemm,3224,261771.43
lm_decode,norm_reduce,1581,5717.14
lm_head,gemm,31,32356.86
lm_head_prefill,gemm,1,1041.54
lm_prefill,attention,6,13.12
lm_prefill,conv,10,28.73
lm_prefill,copy_index,214,486.2
lm_prefill,elementwise,420,871.41
lm_prefill,gemm,104,11073.26
lm_prefill,norm_reduce,51,310.65
lm_prefill,other,6,16.13
other,copy_index,619,1055.22
other,elementwise,679,1007.04
other,norm_reduce,129,1136.07
other,other,2,3.58
