phase,category,aten_op,kernel,count,total_us,avg_us
lm_decode,gemm,aten::mm,"std::enable_if<!(false), void>::type internal::gemvx::kernel<int, int, __half, __half, __half, float, false, true, true, false, 6, false, cublasGemvParamsEx<int",1984,190075.96,95.804
lm_decode,gemm,aten::mm,"std::enable_if<!(false), void>::type internal::gemvx::kernel<int, int, __half, __half, __half, float, false, true, true, false, 7, false, cublasGemvParamsEx<int",868,70774.78,81.538
lm_head,gemm,aten::mm,"std::enable_if<!(false), void>::type internal::gemvx::kernel<int, int, __half, __half, __half, float, false, true, true, false, 6, false, cublasGemvParamsEx<int",31,32356.86,1043.77
lm_decode,copy_index,aten::copy_,void at::native::unrolled_elementwise_kernel<at::native::direct_copy_kernel_cuda(at::TensorIteratorBase&)::{lambda()#3}::operator()() const::{lambda()#7}::opera,1984,5653.54,2.85
lm_prefill,gemm,aten::mm,turing_fp16_s1688gemm_fp16_256x64_ldg8_f2f_stages_32x1_tn,32,5471.96,170.999
lm_decode,norm_reduce,aten::mean,"void at::native::reduce_kernel<512, 1, at::native::ReduceOp<float, at::native::MeanOps<float, float, float, float>, unsigned int, float, 4, 4> >(at::native::Red",1395,4959.24,3.555
lm_prefill,gemm,aten::mm,turing_fp16_s1688gemm_fp16_128x64_sliced1x2_ldg8_f2f_tn,26,4209.56,161.906
lm_decode,elementwise,aten::mul,"void at::native::elementwise_kernel<128, 4, at::native::gpu_kernel_impl_nocast<at::native::BinaryFunctor<c10::Half, c10::Half, c10::Half, at::native::binary_int",1426,3453.26,2.422
lm_decode,elementwise,aten::mul,"void at::native::elementwise_kernel<128, 2, at::native::gpu_kernel_impl_nocast<at::native::BinaryFunctor<float, float, float, at::native::binary_internal::MulFu",1426,2746.54,1.926
lm_decode,elementwise,aten::mul,"void at::native::vectorized_elementwise_kernel<4, at::native::BinaryFunctor<c10::Half, c10::Half, c10::Half, at::native::binary_internal::MulFunctor<float> >, s",1829,2598.13,1.421
lm_decode,copy_index,aten::copy_,"void at::native::vectorized_elementwise_kernel<4, at::native::float16_copy_kernel_cuda(at::TensorIteratorBase&)::{lambda(float)#1}, std::array<char*, 2ul> >(int",1829,2475.58,1.354
lm_decode,elementwise,aten::rsqrt,"void at::native::vectorized_elementwise_kernel<4, at::native::rsqrt_kernel_cuda(at::TensorIteratorBase&)::{lambda()#2}::operator()() const::{lambda()#2}::operat",1395,1990.8,1.427
lm_decode,elementwise,aten::pow,"void at::native::vectorized_elementwise_kernel<4, at::native::(anonymous namespace)::pow_tensor_scalar_kernel_impl<float, float>(at::TensorIteratorBase&, float)",1395,1873.35,1.343
lm_decode,elementwise,aten::add,"void at::native::vectorized_elementwise_kernel<4, at::native::CUDAFunctor_add<c10::Half>, std::array<char*, 3ul> >(int, at::native::CUDAFunctor_add<c10::Half>, ",1364,1869.56,1.371
lm_decode,elementwise,aten::add,"void at::native::vectorized_elementwise_kernel<4, at::native::CUDAFunctorOnSelf_add<float>, std::array<char*, 2ul> >(int, at::native::CUDAFunctorOnSelf_add<floa",1395,1779.83,1.276
lm_prefill,gemm,aten::mm,turing_fp16_s1688gemm_fp16_64x64_sliced1x4_ldg8_f2f_tn,22,1111.85,50.538
lm_head_prefill,gemm,aten::mm,"std::enable_if<!(false), void>::type internal::gemvx::kernel<int, int, __half, __half, __half, float, false, true, true, false, 6, false, cublasGemvParamsEx<int",1,1041.54,1041.543
lm_decode,copy_index,aten::cat,"void at::native::(anonymous namespace)::CatArrayBatchedCopy<at::native::(anonymous namespace)::OpaqueType<2u>, unsigned int, 4, 64, 64>(at::native::(anonymous n",372,1025.32,2.756
lm_decode,elementwise,aten::silu,"void at::native::vectorized_elementwise_kernel<4, at::native::(anonymous namespace)::silu_kernel(at::TensorIteratorBase&)::{lambda()#1}::operator()() const::{la",496,904.4,1.823
lm_decode,copy_index,aten::copy_,"void at::native::elementwise_kernel<128, 2, at::native::gpu_kernel_impl_nocast<at::native::direct_copy_kernel_cuda(at::TensorIteratorBase&)::{lambda()#3}::opera",372,889.4,2.391
lm_decode,conv,aten::cudnn_convolution,"void cudnn::cnn::conv2d_grouped_direct_kernel<false, true, false, false, false, false, 1, 0, int, float, __half, __half, __half, float, __half>(cudnn::cnn::Grou",310,830.89,2.68
lm_decode,elementwise,aten::neg,"void at::native::elementwise_kernel<128, 4, at::native::gpu_kernel_impl_nocast<at::native::neg_kernel_cuda(at::TensorIteratorBase&)::{lambda()#2}::operator()() ",372,789.29,2.122
lm_decode,copy_index,aten::cat,"void at::native::(anonymous namespace)::CatArrayBatchedCopy_vectorized<at::native::(anonymous namespace)::OpaqueType<2u>, unsigned int, 3, 128, 1, 16, 8>(char*,",372,784.01,2.108
lm_decode,norm_reduce,aten::all,"void at::native::reduce_kernel<512, 1, at::native::ReduceOp<bool, at::native::func_wrapper_t<bool, at::native::and_kernel_cuda(at::TensorIterator&)::{lambda()#1",186,757.9,4.075
lm_decode,copy_index,aten::copy_,"void at::native::elementwise_kernel<128, 4, at::native::gpu_kernel_impl_nocast<at::native::direct_copy_kernel_cuda(at::TensorIteratorBase&)::{lambda()#3}::opera",310,740.11,2.387
lm_decode,copy_index,aten::cat,"void at::native::(anonymous namespace)::CatArrayBatchedCopy_alignedK_contig<at::native::(anonymous namespace)::OpaqueType<2u>, unsigned int, 3, 128, 1, 8>(at::n",310,667.29,2.153
lm_decode,elementwise,aten::mul,"void at::native::vectorized_elementwise_kernel<4, at::native::AUnaryFunctor<float, float, float, at::native::binary_internal::MulFunctor<float> >, std::array<ch",434,646.39,1.489
other,norm_reduce,aten::argmax,"void at::native::reduce_kernel<512, 1, at::native::ReduceOp<float, at::native::ArgMaxOps<float>, unsigned int, long, 4, 4> >(at::native::ReduceOp<float, at::nat",32,619.79,19.369
lm_decode,gemm,aten::bmm,"std::enable_if<!(false), void>::type internal::gemvx::kernel<int, int, float, float, float, float, false, true, false, false, 7, false, cublasGemvParamsEx<int, ",186,469.72,2.525
lm_decode,gemm,aten::bmm,"void gemv2T_kernel_val<int, int, float, float, float, float, 128, 16, 2, 2, false, false, cublasGemvParamsEx<int, cublasGemvTensorStridedBatched<float const>, c",186,450.97,2.425
other,copy_index,aten::copy_,Memcpy DtoD (Device -> Device),292,393.31,1.347
other,norm_reduce,aten::any,"void at::native::reduce_kernel<128, 4, at::native::ReduceOp<bool, at::native::func_wrapper_t<bool, at::native::or_kernel_cuda(at::TensorIterator&)::{lambda()#1}",64,363.96,5.687
lm_decode,copy_index,aten::where,"void at::native::elementwise_kernel<128, 2, at::native::gpu_kernel_impl_nocast<at::native::(anonymous namespace)::where_kernel_impl(at::TensorIterator&)::{lambd",186,356.6,1.917
lm_prefill,norm_reduce,aten::mean,"void at::native::reduce_kernel<512, 1, at::native::ReduceOp<float, at::native::MeanOps<float, float, float, float>, unsigned int, float, 4, 4> >(at::native::Red",45,279.42,6.209
lm_prefill,elementwise,aten::mul,"void at::native::elementwise_kernel<128, 4, at::native::gpu_kernel_impl_nocast<at::native::BinaryFunctor<c10::Half, c10::Half, c10::Half, at::native::binary_int",89,268.51,3.017
lm_decode,elementwise,aten::isneginf,"void at::native::vectorized_elementwise_kernel<4, at::native::(anonymous namespace)::isneginf_kernel_impl(at::TensorIteratorBase&)::{lambda()#1}::operator()() c",186,267.48,1.438
lm_decode,elementwise,aten::fill_,"void at::native::vectorized_elementwise_kernel<4, at::native::FillFunctor<float>, std::array<char*, 1ul> >(int, at::native::FillFunctor<float>, std::array<char*",186,217.59,1.17
lm_prefill,copy_index,aten::copy_,void at::native::unrolled_elementwise_kernel<at::native::direct_copy_kernel_cuda(at::TensorIteratorBase&)::{lambda()#3}::operator()() const::{lambda()#7}::opera,64,199.58,3.118
lm_decode,attention,aten::_softmax,"void (anonymous namespace)::softmax_warp_forward<float, float, float, 6, false, false>(float*, float const*, int, int, int, bool const*, int, bool)",102,187.9,1.842
other,elementwise,aten::fill_,"void at::native::vectorized_elementwise_kernel<4, at::native::FillFunctor<bool>, std::array<char*, 1ul> >(int, at::native::FillFunctor<bool>, std::array<char*, ",161,183.93,1.142
lm_prefill,gemm,aten::mm,void cutlass::Kernel2<cutlass_75_wmma_tensorop_f16_s161616gemm_f16_32x32_128x2_tn_align8>(cutlass_75_wmma_tensorop_f16_s161616gemm_f16_32x32_128x2_tn_align8::Pa,12,178.62,14.885
other,elementwise,aten::eq,"void at::native::elementwise_kernel<128, 4, at::native::gpu_kernel_impl_nocast<at::native::BinaryFunctor<long, long, bool, at::native::(anonymous namespace)::Co",64,171.39,2.678
other,copy_index,aten::arange,"void (anonymous namespace)::elementwise_kernel_with_index<int, at::native::arange_cuda_out(c10::Scalar const&, c10::Scalar const&, c10::Scalar const&, at::Tenso",96,165.73,1.726
other,norm_reduce,aten::max,"void at::native::reduce_kernel<512, 1, at::native::ReduceOp<long, at::native::func_wrapper_t<long, at::native::MaxNanFunctor<long> >, unsigned int, long, 4, 4> ",32,147.16,4.599
other,copy_index,aten::where,"void at::native::elementwise_kernel<128, 2, at::native::gpu_kernel_impl_nocast<at::native::(anonymous namespace)::where_kernel_impl(at::TensorIterator&)::{lambd",64,144.8,2.262
lm_decode,attention,aten::_softmax,"void (anonymous namespace)::softmax_warp_forward<float, float, float, 5, false, false>(float*, float const*, int, int, int, bool const*, int, bool)",84,140.83,1.677
other,copy_index,aten::cat,"void at::native::(anonymous namespace)::CatArrayBatchedCopy_alignedK_contig<at::native::(anonymous namespace)::OpaqueType<8u>, unsigned int, 2, 128, 1, 16>(at::",64,133.18,2.081
other,copy_index,aten::copy_,void at::native::unrolled_elementwise_kernel<at::native::direct_copy_kernel_cuda(at::TensorIteratorBase&)::{lambda()#3}::operator()() const::{lambda()#7}::opera,32,97.89,3.059
lm_prefill,elementwise,aten::mul,"void at::native::elementwise_kernel<128, 2, at::native::gpu_kernel_impl_nocast<at::native::BinaryFunctor<float, float, float, at::native::binary_internal::MulFu",46,96.8,2.104
other,elementwise,aten::mul,"void at::native::vectorized_elementwise_kernel<2, at::native::BinaryFunctor<long, long, long, at::native::binary_internal::MulFunctor<long> >, std::array<char*,",64,94.36,1.474
other,elementwise,aten::bitwise_or,"void at::native::vectorized_elementwise_kernel<4, at::native::BinaryFunctor<bool, bool, bool, at::native::BitwiseOrFunctor<bool> >, std::array<char*, 3ul> >(int",64,89.09,1.392
lm_prefill,copy_index,aten::copy_,"void at::native::vectorized_elementwise_kernel<4, at::native::float16_copy_kernel_cuda(at::TensorIteratorBase&)::{lambda(float)#1}, std::array<char*, 2ul> >(int",59,83.93,1.423
lm_prefill,copy_index,aten::cat,"void at::native::(anonymous namespace)::CatArrayBatchedCopy<at::native::(anonymous namespace)::OpaqueType<2u>, unsigned int, 4, 64, 64>(at::native::(anonymous n",24,77.31,3.221
other,elementwise,aten::fill_,"void at::native::vectorized_elementwise_kernel<4, at::native::FillFunctor<float>, std::array<char*, 1ul> >(int, at::native::FillFunctor<float>, std::array<char*",64,73.95,1.155
other,copy_index,aten::index_select,"void at::native::(anonymous namespace)::indexSelectSmallIndex<c10::Half, long, unsigned int, 2, 2, -2>(at::cuda::detail::TensorInfo<c10::Half, unsigned int>, at",31,73.82,2.381
other,elementwise,aten::add,"void at::native::vectorized_elementwise_kernel<2, at::native::CUDAFunctor_add<long>, std::array<char*, 3ul> >(int, at::native::CUDAFunctor_add<long>, std::array",48,69.31,1.444
other,elementwise,aten::bitwise_and,"void at::native::unrolled_elementwise_kernel<at::native::BinaryFunctor<long, long, long, at::native::BitwiseAndFunctor<long> >, std::array<char*, 3ul>, 4, Trivi",32,68.92,2.154
lm_prefill,elementwise,aten::add,"void at::native::vectorized_elementwise_kernel<4, at::native::CUDAFunctor_add<c10::Half>, std::array<char*, 3ul> >(int, at::native::CUDAFunctor_add<c10::Half>, ",32,67.94,2.123
lm_prefill,copy_index,aten::copy_,"void at::native::elementwise_kernel<128, 4, at::native::gpu_kernel_impl_nocast<at::native::direct_copy_kernel_cuda(at::TensorIteratorBase&)::{lambda()#3}::opera",26,67.93,2.613
lm_prefill,elementwise,aten::rsqrt,"void at::native::vectorized_elementwise_kernel<4, at::native::rsqrt_kernel_cuda(at::TensorIteratorBase&)::{lambda()#2}::operator()() const::{lambda()#2}::operat",45,66.11,1.469
lm_prefill,elementwise,aten::pow,"void at::native::vectorized_elementwise_kernel<4, at::native::(anonymous namespace)::pow_tensor_scalar_kernel_impl<float, float>(at::TensorIteratorBase&, float)",45,65.5,1.456
lm_decode,elementwise,aten::sin,"void at::native::vectorized_elementwise_kernel<4, at::native::sin_kernel_cuda(at::TensorIteratorBase&)::{lambda()#2}::operator()() const::{lambda()#2}::operator",31,63.1,2.035
lm_decode,copy_index,aten::cat,"void at::native::(anonymous namespace)::CatArrayBatchedCopy_vectorized<at::native::(anonymous namespace)::OpaqueType<4u>, unsigned int, 3, 128, 1, 16, 4>(char*,",31,60.9,1.964
lm_decode,elementwise,aten::cos,"void at::native::vectorized_elementwise_kernel<4, at::native::cos_kernel_cuda(at::TensorIteratorBase&)::{lambda()#2}::operator()() const::{lambda()#2}::operator",31,60.45,1.95
lm_prefill,gemm,aten::bmm,volta_sgemm_64x64_tn,6,60.35,10.058
lm_prefill,elementwise,aten::add,"void at::native::vectorized_elementwise_kernel<4, at::native::CUDAFunctorOnSelf_add<float>, std::array<char*, 2ul> >(int, at::native::CUDAFunctorOnSelf_add<floa",45,60.0,1.333
lm_prefill,elementwise,aten::mul,"void at::native::vectorized_elementwise_kernel<4, at::native::BinaryFunctor<c10::Half, c10::Half, c10::Half, at::native::binary_internal::MulFunctor<float> >, s",16,50.53,3.158
other,elementwise,aten::eq,"void at::native::vectorized_elementwise_kernel<4, at::native::AUnaryFunctor<long, long, bool, at::native::(anonymous namespace)::CompareEqFunctor<long> >, std::",34,49.92,1.468
other,elementwise,aten::bitwise_not,"void at::native::vectorized_elementwise_kernel<4, at::native::bitwise_not_kernel_cuda(at::TensorIteratorBase&)::{lambda(bool)#1}, std::array<char*, 2ul> >(int, ",32,45.5,1.422
lm_prefill,elementwise,aten::silu,"void at::native::vectorized_elementwise_kernel<4, at::native::(anonymous namespace)::silu_kernel(at::TensorIteratorBase&)::{lambda()#1}::operator()() const::{la",16,45.44,2.84
other,elementwise,aten::sub,"void at::native::vectorized_elementwise_kernel<2, at::native::CUDAFunctorOnOther_add<long>, std::array<char*, 2ul> >(int, at::native::CUDAFunctorOnOther_add<lon",32,44.57,1.393
other,elementwise,aten::add,"void at::native::vectorized_elementwise_kernel<2, at::native::CUDAFunctorOnSelf_add<long>, std::array<char*, 2ul> >(int, at::native::CUDAFunctorOnSelf_add<long>",32,44.16,1.38
other,copy_index,aten::_local_scalar_dense,Memcpy DtoH (Device -> Pinned),35,41.86,1.196
lm_prefill,gemm,aten::bmm,volta_sgemm_64x64_nn,6,40.93,6.821
lm_prefill,elementwise,aten::add,"void at::native::elementwise_kernel<128, 4, at::native::gpu_kernel_impl_nocast<at::native::CUDAFunctor_add<c10::Half> >(at::TensorIteratorBase&, at::native::CUD",12,32.7,2.725
lm_prefill,norm_reduce,aten::all,"void at::native::reduce_kernel<512, 1, at::native::ReduceOp<bool, at::native::func_wrapper_t<bool, at::native::and_kernel_cuda(at::TensorIterator&)::{lambda()#1",6,31.23,5.205
lm_prefill,elementwise,aten::neg,"void at::native::elementwise_kernel<128, 4, at::native::gpu_kernel_impl_nocast<at::native::neg_kernel_cuda(at::TensorIteratorBase&)::{lambda()#2}::operator()() ",12,29.82,2.485
lm_prefill,conv,aten::cudnn_convolution,"void cudnn::cnn::conv2d_grouped_direct_kernel<false, true, false, false, false, false, 1, 0, int, float, __half, __half, __half, float, __half>(cudnn::cnn::Grou",10,28.73,2.873
lm_prefill,copy_index,aten::copy_,"void at::native::elementwise_kernel<128, 2, at::native::gpu_kernel_impl_nocast<at::native::direct_copy_kernel_cuda(at::TensorIteratorBase&)::{lambda()#3}::opera",12,24.96,2.08
lm_prefill,copy_index,aten::where,"void at::native::elementwise_kernel<128, 2, at::native::gpu_kernel_impl_nocast<at::native::(anonymous namespace)::where_kernel_impl(at::TensorIterator&)::{lambd",12,24.32,2.027
other,elementwise,aten::add,"void at::native::unrolled_elementwise_kernel<at::native::CUDAFunctor_add<long>, std::array<char*, 3ul>, 4, TrivialOffsetCalculator<2, unsigned int>, TrivialOffs",16,22.05,1.378
lm_prefill,elementwise,aten::fill_,"void at::native::vectorized_elementwise_kernel<4, at::native::FillFunctor<float>, std::array<char*, 1ul> >(int, at::native::FillFunctor<float>, std::array<char*",18,20.74,1.152
lm_prefill,elementwise,aten::mul,"void at::native::vectorized_elementwise_kernel<4, at::native::AUnaryFunctor<float, float, float, at::native::binary_internal::MulFunctor<float> >, std::array<ch",14,20.38,1.456
other,elementwise,aten::eq,"void at::native::unrolled_elementwise_kernel<at::native::BinaryFunctor<long, long, bool, at::native::(anonymous namespace)::CompareEqFunctor<long> >, std::array",16,19.74,1.234
lm_prefill,other,aten::tril,"void at::native::triu_tril_kernel<bool, int, false, 8, false>(at::cuda::detail::TensorInfo<bool, int>, at::cuda::detail::TensorInfo<bool const, int>, long, long",6,16.13,2.688
lm_prefill,elementwise,aten::fill_,"void at::native::vectorized_elementwise_kernel<4, at::native::FillFunctor<c10::Half>, std::array<char*, 1ul> >(int, at::native::FillFunctor<c10::Half>, std::arr",10,13.95,1.395
other,elementwise,aten::eq,"void at::native::vectorized_elementwise_kernel<4, at::native::BinaryFunctor<long, long, bool, at::native::(anonymous namespace)::CompareEqFunctor<long> >, std::",9,13.79,1.532
lm_prefill,attention,aten::_softmax,"void (anonymous namespace)::softmax_warp_forward<float, float, float, 5, false, false>(float*, float const*, int, int, int, bool const*, int, bool)",6,13.12,2.187
lm_prefill,elementwise,aten::add_,"void at::native::elementwise_kernel<128, 2, at::native::gpu_kernel_impl_nocast<at::native::CUDAFunctor_add<float> >(at::TensorIteratorBase&, at::native::CUDAFun",6,12.03,2.005
other,elementwise,aten::eq,"void at::native::vectorized_elementwise_kernel<2, at::native::BinaryFunctor<long, long, bool, at::native::(anonymous namespace)::CompareEqFunctor<long> >, std::",8,11.97,1.496
lm_prefill,elementwise,aten::isneginf,"void at::native::vectorized_elementwise_kernel<4, at::native::(anonymous namespace)::isneginf_kernel_impl(at::TensorIteratorBase&)::{lambda()#1}::operator()() c",6,8.13,1.355
lm_prefill,elementwise,aten::fill_,"void at::native::vectorized_elementwise_kernel<4, at::native::FillFunctor<bool>, std::array<char*, 1ul> >(int, at::native::FillFunctor<bool>, std::array<char*, ",6,8.03,1.339
lm_prefill,copy_index,aten::mm,Memset (Device),16,5.95,0.372
other,norm_reduce,aten::all,"void at::native::reduce_kernel<512, 1, at::native::ReduceOp<bool, at::native::func_wrapper_t<bool, at::native::and_kernel_cuda(at::TensorIterator&)::{lambda()#1",1,5.15,5.152
other,other,aten::cumsum,"void at_cuda_detail::cub::detail::scan::DeviceScanKernel<at_cuda_detail::cub::detail::scan::policy_hub<long, long, long, unsigned int, std::plus<long> >::Policy",1,2.5,2.496
lm_prefill,elementwise,aten::sin,"void at::native::vectorized_elementwise_kernel<4, at::native::sin_kernel_cuda(at::TensorIteratorBase&)::{lambda()#2}::operator()() const::{lambda()#2}::operator",1,2.43,2.432
lm_prefill,elementwise,aten::cos,"void at::native::vectorized_elementwise_kernel<4, at::native::cos_kernel_cuda(at::TensorIteratorBase&)::{lambda()#2}::operator()() const::{lambda()#2}::operator",1,2.37,2.368
lm_prefill,copy_index,aten::cat,"void at::native::(anonymous namespace)::CatArrayBatchedCopy_vectorized<at::native::(anonymous namespace)::OpaqueType<4u>, unsigned int, 3, 128, 1, 16, 4>(char*,",1,2.21,2.208
other,copy_index,aten::gather,"void at::native::vectorized_gather_kernel<16, long>(char*, char*, long*, int, long, long, long, long, bool)",1,2.05,2.048
other,elementwise,aten::lt,"void at::native::vectorized_elementwise_kernel<4, at::native::compare_scalar_kernel<long>(at::TensorIteratorBase&, at::native::(anonymous namespace)::OpType, lo",1,1.82,1.824
other,copy_index,aten::masked_fill_,"void at::native::vectorized_elementwise_kernel<2, at::native::(anonymous namespace)::masked_fill_kernel(at::TensorIterator&, c10::Scalar const&)::{lambda()#1}::",1,1.47,1.472
other,elementwise,aten::sub,"void at::native::vectorized_elementwise_kernel<2, at::native::CUDAFunctorOnSelf_add<long>, std::array<char*, 2ul> >(int, at::native::CUDAFunctorOnSelf_add<long>",1,1.38,1.376
other,elementwise,aten::fill_,"void at::native::vectorized_elementwise_kernel<2, at::native::FillFunctor<long>, std::array<char*, 1ul> >(int, at::native::FillFunctor<long>, std::array<char*, ",1,1.18,1.183
other,copy_index,aten::copy_,Memcpy HtoD (Pageable -> Device),3,1.12,0.373
other,other,aten::cumsum,"void at_cuda_detail::cub::detail::scan::DeviceScanInitKernel<at_cuda_detail::cub::ScanTileState<long, true> >(at_cuda_detail::cub::ScanTileState<long, true>, in",1,1.09,1.088
