Time (%),Total Time (ns),Instances,Avg (ns),Med (ns),Min (ns),Max (ns),StdDev (ns),Name
50.2,228423519,2016,113305.3,134284.5,35968,1221891,128281.7,"std::enable_if<!T7, void>::type internal::gemvx::kernel<int, int, __half, __half, __half, float, (bool)0, (bool)1, (bool)1, (bool)0, (int)6, (bool)0, cublasGemvParamsEx<int, cublasGemvTensorStridedBatched<const __half>, cublasGemvTensorStridedBatched<const __half>, cublasGemvTensorStridedBatched<__half>, float>>(T13)"
16.1,73120109,868,84239.8,135996.5,10912,145757,63036.7,"std::enable_if<!T7, void>::type internal::gemvx::kernel<int, int, __half, __half, __half, float, (bool)0, (bool)1, (bool)1, (bool)0, (int)7, (bool)0, cublasGemvParamsEx<int, cublasGemvTensorStridedBatched<const __half>, cublasGemvTensorStridedBatched<const __half>, cublasGemvTensorStridedBatched<__half>, float>>(T13)"
4.6,20788948,27,769961.0,752206.0,596562,1185412,208963.4,"fmha_cutlassF_f16_aligned_32x128_rf_sm75(PyTorchMemEffAttention::AttentionKernel<cutlass::half_t, cutlass::arch::Sm75, (bool)1, (int)32, (int)128, (int)128, (bool)1, (bool)1>::Params)"
3.2,14616966,32,456780.2,448469.0,391063,477492,22425.3,turing_fp16_s1688gemm_fp16_256x128_ldg8_f2f_tn
2.5,11175957,51,219136.4,149949.0,65438,456309,150268.5,turing_fp16_s1688gemm_fp16_128x128_ldg8_f2f_tn
2.0,9062540,108,83912.4,82126.0,65854,126013,19772.5,turing_fp16_s1688gemm_fp16_128x256_ldg8_relu_f2f_tn
1.8,8131229,27,301156.6,289689.0,246587,431574,64893.9,turing_fp16_s1688gemm_fp16_256x128_ldg8_relu_f2f_tn
1.7,7936936,2080,3815.8,3232.0,1888,23839,2486.5,"void at::native::unrolled_elementwise_kernel<at::native::direct_copy_kernel_cuda(at::TensorIteratorBase &)::[lambda() (instance 3)]::operator ()() const::[lambda() (instance 7)]::operator ()() const::[lambda(float) (instance 1)], std::array<char *, (unsigned long)2>, (int)4, TrivialOffsetCalculator<(int)1, unsigned int>, TrivialOffsetCalculator<(int)1, unsigned int>, at::native::memory::LoadWithCast<(int)1>, at::native::memory::StoreWithCast<(int)1>>(int, T1, T2, T4, T5, T6, T7)"
1.7,7849895,28,280353.4,271898.0,108605,421398,73727.2,turing_fp16_s1688gemm_fp16_128x128_ldg8_relu_f2f_tn
1.5,6627539,1440,4602.5,3840.0,3487,30656,2475.1,"void at::native::reduce_kernel<(int)512, (int)1, at::native::ReduceOp<float, at::native::MeanOps<float, float, float, float>, unsigned int, float, (int)4, (int)4>>(T3)"
1.2,5587127,1515,3687.9,2720.0,2400,36383,3829.9,"void at::native::elementwise_kernel<(int)128, (int)4, void at::native::gpu_kernel_impl_nocast<at::native::BinaryFunctor<c10::Half, c10::Half, c10::Half, at::native::binary_internal::MulFunctor<float>>>(at::TensorIteratorBase &, const T1 &)::[lambda(int) (instance 1)]>(int, T3)"
0.9,4043774,10,404377.4,402822.0,352407,429174,26091.3,turing_fp16_s1688gemm_fp16_256x64_sliced1x2_ldg8_f2f_tn
0.9,3891051,448,8685.4,1839.0,1280,19456,8120.3,"void at::native::vectorized_elementwise_kernel<(int)4, at::native::AUnaryFunctor<float, float, float, at::native::binary_internal::MulFunctor<float>>, std::array<char *, (unsigned long)2>>(int, T2, T3)"
0.9,3880100,384,10104.4,9807.0,7936,19584,2396.1,"void at::native::elementwise_kernel<(int)128, (int)2, void at::native::gpu_kernel_impl_nocast<at::native::direct_copy_kernel_cuda(at::TensorIteratorBase &)::[lambda() (instance 3)]::operator ()() const::[lambda() (instance 7)]::operator ()() const::[lambda(float) (instance 1)]>(at::TensorIteratorBase &, const T1 &)::[lambda(int) (instance 1)]>(int, T3)"
0.9,3877350,1451,2672.2,1472.0,1344,27295,4790.7,"void at::native::vectorized_elementwise_kernel<(int)4, at::native::CUDAFunctor_add<c10::Half>, std::array<char *, (unsigned long)3>>(int, T2, T3)"
0.8,3738527,1845,2026.3,1568.0,1376,48510,4328.7,"void at::native::vectorized_elementwise_kernel<(int)4, at::native::BinaryFunctor<c10::Half, c10::Half, c10::Half, at::native::binary_internal::MulFunctor<float>>, std::array<char *, (unsigned long)3>>(int, T2, T3)"
0.8,3697458,1472,2511.9,1983.0,1760,19263,2487.1,"void at::native::elementwise_kernel<(int)128, (int)2, void at::native::gpu_kernel_impl_nocast<at::native::BinaryFunctor<float, float, float, at::native::binary_internal::MulFunctor<float>>>(at::TensorIteratorBase &, const T1 &)::[lambda(int) (instance 1)]>(int, T3)"
0.8,3517779,1889,1862.2,1440.0,1312,52735,3009.7,"void at::native::vectorized_elementwise_kernel<(int)4, at::native::float16_copy_kernel_cuda(at::TensorIteratorBase &)::[lambda(float) (instance 1)], std::array<char *, (unsigned long)2>>(int, T2, T3)"
0.5,2494671,1440,1732.4,1440.0,1343,8896,1156.7,"void at::native::vectorized_elementwise_kernel<(int)4, void at::native::<unnamed>::pow_tensor_scalar_kernel_impl<float, float>(at::TensorIteratorBase &, T2)::[lambda(float) (instance 1)], std::array<char *, (unsigned long)2>>(int, T2, T3)"
0.5,2442212,1440,1696.0,1536.0,1440,3648,444.5,"void at::native::vectorized_elementwise_kernel<(int)4, at::native::rsqrt_kernel_cuda(at::TensorIteratorBase &)::[lambda() (instance 2)]::operator ()() const::[lambda() (instance 2)]::operator ()() const::[lambda(float) (instance 1)], std::array<char *, (unsigned long)2>>(int, T2, T3)"
0.5,2393476,186,12868.2,12015.5,11456,22048,2130.7,"std::enable_if<!T7, void>::type internal::gemvx::kernel<int, int, float, float, float, float, (bool)0, (bool)1, (bool)0, (bool)0, (int)7, (bool)0, cublasGemvParamsEx<int, cublasGemvTensorStridedBatched<const float>, cublasGemvTensorStridedBatched<const float>, cublasGemvTensorStridedBatched<float>, float>>(T13)"
0.5,2199464,1440,1527.4,1376.0,1280,3648,415.0,"void at::native::vectorized_elementwise_kernel<(int)4, at::native::CUDAFunctorOnSelf_add<float>, std::array<char *, (unsigned long)2>>(int, T2, T3)"
0.4,2002352,27,74161.2,74270.0,72158,75710,973.1,"void at::native::vectorized_elementwise_kernel<(int)4, at::native::GeluCUDAKernelImpl(at::TensorIteratorBase &, at::native::GeluType)::[lambda() (instance 1)]::operator ()() const::[lambda() (instance 3)]::operator ()() const::[lambda(c10::Half) (instance 1)], std::array<char *, (unsigned long)2>>(int, T2, T3)"
0.4,1773752,186,9536.3,9120.0,8512,16992,1491.6,"void gemv2T_kernel_val<int, int, float, float, float, float, (int)128, (int)16, (int)2, (int)2, (bool)0, (bool)0, cublasGemvParamsEx<int, cublasGemvTensorStridedBatched<const float>, cublasGemvTensorStridedBatched<const float>, cublasGemvTensorStridedBatched<float>, float>>(T13, T6, T6)"
0.4,1595874,341,4680.0,2720.0,2432,47550,7771.3,"void at::native::elementwise_kernel<(int)128, (int)4, void at::native::gpu_kernel_impl_nocast<at::native::direct_copy_kernel_cuda(at::TensorIteratorBase &)::[lambda() (instance 3)]::operator ()() const::[lambda() (instance 10)]::operator ()() const::[lambda(c10::Half) (instance 1)]>(at::TensorIteratorBase &, const T1 &)::[lambda(int) (instance 1)]>(int, T3)"
0.3,1588728,512,3103.0,2016.0,1856,33631,5382.4,"void at::native::vectorized_elementwise_kernel<(int)4, at::native::<unnamed>::silu_kernel(at::TensorIteratorBase &)::[lambda() (instance 1)]::operator ()() const::[lambda() (instance 5)]::operator ()() const::[lambda(c10::Half) (instance 1)], std::array<char *, (unsigned long)2>>(int, T2, T3)"
0.3,1587578,396,4009.0,3488.0,2336,27455,3415.7,"void at::native::<unnamed>::CatArrayBatchedCopy<at::native::<unnamed>::OpaqueType<(unsigned int)2>, unsigned int, (int)4, (int)64, (int)64>(T1 *, at::native::<unnamed>::CatArrInputTensorMetadata<T1, T2, T4, T5>, at::native::<unnamed>::TensorSizeStride<T2, (unsigned int)4>, int, T2)"
0.3,1421531,55,25846.0,24991.0,20767,36639,5461.1,"void at::native::<unnamed>::vectorized_layer_norm_kernel<c10::Half, float, (bool)0>(int, T2, const T1 *, const T1 *, const T1 *, T2 *, T2 *, T1 *)"
0.3,1314053,372,3532.4,3424.0,3103,5760,441.2,"void at::native::<unnamed>::CatArrayBatchedCopy_vectorized<at::native::<unnamed>::OpaqueType<(unsigned int)2>, unsigned int, (int)3, (int)128, (int)1, (int)16, (int)8>(char *, at::native::<unnamed>::CatArrInputTensorMetadata<T1, T2, T4, T5>, at::native::<unnamed>::TensorSizeStride<T2, (unsigned int)4>, int, T2)"
0.3,1312513,194,6765.5,5487.5,3360,40095,5820.5,"void at::native::reduce_kernel<(int)512, (int)1, at::native::ReduceOp<bool, at::native::func_wrapper_t<bool, at::native::and_kernel_cuda(at::TensorIterator &)::[lambda() (instance 1)]::operator ()() const::[lambda() (instance 12)]::operator ()() const::[lambda(bool, bool) (instance 1)]>, unsigned int, bool, (int)4, (int)4>>(T3)"
0.2,1068483,262,4078.2,2240.0,2080,74494,10629.5,"void at::native::elementwise_kernel<(int)128, (int)2, void at::native::gpu_kernel_impl_nocast<at::native::<unnamed>::where_kernel_impl(at::TensorIterator &)::[lambda() (instance 1)]::operator ()() const::[lambda() (instance 11)]::operator ()() const::[lambda(bool, float, float) (instance 1)]>(at::TensorIteratorBase &, const T1 &)::[lambda(int) (instance 1)]>(int, T3)"
0.2,1013568,384,2639.5,2624.0,1888,9344,1067.1,"void at::native::elementwise_kernel<(int)128, (int)4, void at::native::gpu_kernel_impl_nocast<at::native::neg_kernel_cuda(at::TensorIteratorBase &)::[lambda() (instance 2)]::operator ()() const::[lambda() (instance 8)]::operator ()() const::[lambda(c10::Half) (instance 1)]>(at::TensorIteratorBase &, const T1 &)::[lambda(int) (instance 1)]>(int, T3)"
0.2,953358,310,3075.3,2880.0,2720,5952,632.6,"void cudnn::cnn::conv2d_grouped_direct_kernel<(bool)0, (bool)1, (bool)0, (bool)0, (bool)0, (bool)0, (int)1, (int)0, int, float, __half, __half, __half, float, __half>(cudnn::cnn::GroupedDirectFpropParams, const T11 *, const T13 *, T12 *, T14, T14, const T14 *, const T14 *, const T12 *, const T15 *, cudnnActivationStruct)"
0.2,831307,310,2681.6,2592.0,2208,5151,541.1,"void at::native::<unnamed>::CatArrayBatchedCopy_alignedK_contig<at::native::<unnamed>::OpaqueType<(unsigned int)2>, unsigned int, (int)3, (int)128, (int)1, (int)8>(T1 *, at::native::<unnamed>::CatArrInputTensorMetadata<T1, T2, T4, T5>, at::native::<unnamed>::TensorSizeStride<T2, (unsigned int)4>, int, T2)"
0.2,794606,6,132434.3,132637.0,127965,136701,4396.4,volta_sgemm_128x64_tn
0.2,750222,6,125037.0,124845.0,120861,129437,4491.0,volta_sgemm_64x64_nn
0.2,729807,32,22806.5,21039.5,20031,45215,5403.5,"void at::native::reduce_kernel<(int)512, (int)1, at::native::ReduceOp<float, at::native::ArgMaxOps<float>, unsigned int, long, (int)4, (int)4>>(T3)"
0.1,645966,27,23924.7,23423.0,20672,32224,3928.2,"void at::native::elementwise_kernel<(int)128, (int)4, void at::native::gpu_kernel_impl_nocast<at::native::<unnamed>::where_kernel_impl(at::TensorIterator &)::[lambda() (instance 1)]::operator ()() const::[lambda() (instance 2)]::operator ()() const::[lambda(bool, c10::Half, c10::Half) (instance 1)]>(at::TensorIteratorBase &, const T1 &)::[lambda(int) (instance 1)]>(int, T3)"
0.1,566994,30,18899.8,3792.0,2720,79838,30787.9,"void <unnamed>::softmax_warp_forward<float, float, float, (int)8, (bool)0, (bool)0>(T2 *, const T1 *, int, int, int, const bool *, int, bool)"
0.1,561139,192,2922.6,1568.0,1408,42207,7055.3,"void at::native::vectorized_elementwise_kernel<(int)4, at::native::<unnamed>::isneginf_kernel_impl(at::TensorIteratorBase &)::[lambda() (instance 1)]::operator ()() const::[lambda() (instance 2)]::operator ()() const::[lambda(float) (instance 1)], std::array<char *, (unsigned long)2>>(int, T2, T3)"
0.1,461493,162,2848.7,2848.0,2688,3072,79.7,"void <unnamed>::softmax_warp_forward<float, float, float, (int)9, (bool)0, (bool)0>(T2 *, const T1 *, int, int, int, const bool *, int, bool)"
0.1,454356,6,75726.0,75742.0,74654,76862,1075.3,"void at::native::elementwise_kernel<(int)128, (int)2, void at::native::gpu_kernel_impl_nocast<at::native::CUDAFunctor_add<float>>(at::TensorIteratorBase &, const T1 &)::[lambda(int) (instance 1)]>(int, T3)"
0.1,443860,64,6935.3,7680.0,4864,14240,1966.5,"void at::native::reduce_kernel<(int)128, (int)4, at::native::ReduceOp<bool, at::native::func_wrapper_t<bool, at::native::or_kernel_cuda(at::TensorIterator &)::[lambda() (instance 1)]::operator ()() const::[lambda() (instance 12)]::operator ()() const::[lambda(bool, bool) (instance 1)]>, unsigned int, bool, (int)4, (int)4>>(T3)"
0.1,382133,268,1425.9,1248.0,1184,2912,403.6,"void at::native::vectorized_elementwise_kernel<(int)4, at::native::FillFunctor<float>, std::array<char *, (unsigned long)1>>(int, T2, T3)"
0.1,259995,10,25999.5,25983.5,22879,27232,1264.7,conv1D_NCHW_general
0.1,230909,168,1374.5,1248.0,1120,2688,375.3,"void at::native::vectorized_elementwise_kernel<(int)4, at::native::FillFunctor<bool>, std::array<char *, (unsigned long)1>>(int, T2, T3)"
0.0,204989,64,3203.0,3008.0,2719,6112,724.9,"void at::native::elementwise_kernel<(int)128, (int)4, void at::native::gpu_kernel_impl_nocast<at::native::BinaryFunctor<long, long, bool, at::native::<unnamed>::CompareEqFunctor<long>>>(at::TensorIteratorBase &, const T1 &)::[lambda(int) (instance 1)]>(int, T3)"
0.0,199805,100,1998.0,2176.0,1024,4800,738.6,"void <unnamed>::elementwise_kernel_with_index<int, at::native::arange_cuda_out(const c10::Scalar &, const c10::Scalar &, const c10::Scalar &, at::Tensor &)::[lambda() (instance 1)]::operator ()() const::[lambda() (instance 4)]::operator ()() const::[lambda(long) (instance 1)]>(T1, T2, function_traits<T2>::result_type *)"
0.0,179869,32,5620.9,5312.0,5088,9503,986.4,"void at::native::reduce_kernel<(int)512, (int)1, at::native::ReduceOp<long, at::native::func_wrapper_t<long, at::native::MaxNanFunctor<long>>, unsigned int, long, (int)4, (int)4>>(T3)"
0.0,167099,13,12853.8,13152.0,6240,20127,6414.1,"void at::native::elementwise_kernel<(int)128, (int)4, void at::native::gpu_kernel_impl_nocast<at::native::CUDAFunctor_add<c10::Half>>(at::TensorIteratorBase &, const T1 &)::[lambda(int) (instance 1)]>(int, T3)"
0.0,165020,1,165020.0,165020.0,165020,165020,0.0,"void at::native::<unnamed>::upsample_gen2d_aa_out_frame<c10::Half, float, at::native::upsample_antialias::BilinearFilterFunctor>(T2, T2, torch::headeronly::detail::GenericPackedTensorAccessor<torch::headeronly::detail::TensorAccessor<c10::ArrayRef<long>, const T1, (unsigned long)3, torch::headeronly::DefaultPtrTraits, long>, at::detail::IndexBoundsCheck<(unsigned long)4, long>, const T1, (unsigned long)4, torch::headeronly::DefaultPtrTraits, long>, torch::headeronly::detail::GenericPackedTensorAccessor<torch::headeronly::detail::TensorAccessor<c10::ArrayRef<long>, T1, (unsigned long)3, torch::headeronly::DefaultPtrTraits, long>, at::detail::IndexBoundsCheck<(unsigned long)4, long>, T1, (unsigned long)4, torch::headeronly::DefaultPtrTraits, long>, const T3 &)"
0.0,158781,64,2481.0,2304.0,2112,4352,532.7,"void at::native::<unnamed>::CatArrayBatchedCopy_alignedK_contig<at::native::<unnamed>::OpaqueType<(unsigned int)8>, unsigned int, (int)2, (int)128, (int)1, (int)16>(T1 *, at::native::<unnamed>::CatArrInputTensorMetadata<T1, T2, T4, T5>, at::native::<unnamed>::TensorSizeStride<T2, (unsigned int)4>, int, T2)"
0.0,129021,64,2016.0,1792.0,1471,2912,449.8,"void at::native::vectorized_elementwise_kernel<(int)4, at::native::FillFunctor<c10::Half>, std::array<char *, (unsigned long)1>>(int, T2, T3)"
0.0,111484,64,1741.9,1632.0,1504,3296,368.8,"void at::native::vectorized_elementwise_kernel<(int)2, at::native::BinaryFunctor<long, long, long, at::native::binary_internal::MulFunctor<long>>, std::array<char *, (unsigned long)3>>(int, T2, T3)"
0.0,103998,64,1625.0,1504.0,1408,3168,370.6,"void at::native::vectorized_elementwise_kernel<(int)4, at::native::BinaryFunctor<bool, bool, bool, at::native::BitwiseOrFunctor<bool>>, std::array<char *, (unsigned long)3>>(int, T2, T3)"
0.0,90814,32,2837.9,2656.0,2496,5248,599.5,"void at::native::unrolled_elementwise_kernel<at::native::BinaryFunctor<long, long, long, at::native::BitwiseAndFunctor<long>>, std::array<char *, (unsigned long)3>, (int)4, TrivialOffsetCalculator<(int)2, unsigned int>, TrivialOffsetCalculator<(int)1, unsigned int>, at::native::memory::LoadWithCast<(int)2>, at::native::memory::StoreWithCast<(int)1>>(int, T1, T2, T4, T5, T6, T7)"
0.0,86558,31,2792.2,2592.0,2464,4896,556.5,"void at::native::<unnamed>::indexSelectSmallIndex<c10::Half, long, unsigned int, (int)2, (int)2, (int)-2>(at::cuda::detail::TensorInfo<T1, T3>, at::cuda::detail::TensorInfo<const T1, T3>, at::cuda::detail::TensorInfo<const T2, T3>, int, int, T3, long)"
0.0,81343,48,1694.6,1552.0,1472,3136,367.0,"void at::native::vectorized_elementwise_kernel<(int)2, at::native::CUDAFunctor_add<long>, std::array<char *, (unsigned long)3>>(int, T2, T3)"
0.0,80928,32,2529.0,2256.0,2112,5472,781.4,"void at::native::vectorized_elementwise_kernel<(int)4, at::native::cos_kernel_cuda(at::TensorIteratorBase &)::[lambda() (instance 2)]::operator ()() const::[lambda() (instance 2)]::operator ()() const::[lambda(float) (instance 1)], std::array<char *, (unsigned long)2>>(int, T2, T3)"
0.0,79773,32,2492.9,2239.5,2080,5280,766.4,"void at::native::vectorized_elementwise_kernel<(int)4, at::native::sin_kernel_cuda(at::TensorIteratorBase &)::[lambda() (instance 2)]::operator ()() const::[lambda() (instance 2)]::operator ()() const::[lambda(float) (instance 1)], std::array<char *, (unsigned long)2>>(int, T2, T3)"
0.0,76831,32,2401.0,2192.0,2080,4224,561.7,"void at::native::<unnamed>::CatArrayBatchedCopy_vectorized<at::native::<unnamed>::OpaqueType<(unsigned int)4>, unsigned int, (int)3, (int)128, (int)1, (int)16, (int)4>(char *, at::native::<unnamed>::CatArrInputTensorMetadata<T1, T2, T4, T5>, at::native::<unnamed>::TensorSizeStride<T2, (unsigned int)4>, int, T2)"
0.0,64000,36,1777.8,1600.0,1472,3296,465.2,"void at::native::vectorized_elementwise_kernel<(int)4, at::native::AUnaryFunctor<long, long, bool, at::native::<unnamed>::CompareEqFunctor<long>>, std::array<char *, (unsigned long)2>>(int, T2, T3)"
0.0,56255,35,1607.3,1472.0,1440,3072,357.3,"void at::native::vectorized_elementwise_kernel<(int)2, at::native::CUDAFunctorOnSelf_add<long>, std::array<char *, (unsigned long)2>>(int, T2, T3)"
0.0,53184,32,1662.0,1536.0,1472,3136,378.0,"void at::native::vectorized_elementwise_kernel<(int)4, at::native::bitwise_not_kernel_cuda(at::TensorIteratorBase &)::[lambda(bool) (instance 1)], std::array<char *, (unsigned long)2>>(int, T2, T3)"
0.0,52288,32,1634.0,1504.0,1408,3136,380.7,"void at::native::vectorized_elementwise_kernel<(int)2, at::native::CUDAFunctorOnOther_add<long>, std::array<char *, (unsigned long)2>>(int, T2, T3)"
0.0,47583,1,47583.0,47583.0,47583,47583,0.0,turing_fp16_s1688gemm_fp16_128x256_ldg8_relu_f2f_stages_32x1_tn
0.0,42720,6,7120.0,7104.0,6880,7392,241.8,"void at::native::triu_tril_kernel<bool, int, (bool)0, (int)8, (bool)0>(at::cuda::detail::TensorInfo<T1, T2>, at::cuda::detail::TensorInfo<const T1, T2>, long, long, T2)"
0.0,29376,1,29376.0,29376.0,29376,29376,0.0,"void at::native::vectorized_elementwise_kernel<(int)4, at::native::launch_masked_scatter_kernel(const at::TensorBase &, const at::TensorBase &, const at::TensorBase &, const at::TensorBase &)::[lambda() (instance 1)]::operator ()() const::[lambda() (instance 12)]::operator ()() const::[lambda(c10::Half, bool, long) (instance 1)], std::array<char *, (unsigned long)4>>(int, T2, T3)"
0.0,27008,16,1688.0,1568.0,1504,3040,404.2,"void at::native::unrolled_elementwise_kernel<at::native::CUDAFunctor_add<long>, std::array<char *, (unsigned long)3>, (int)4, TrivialOffsetCalculator<(int)2, unsigned int>, TrivialOffsetCalculator<(int)1, unsigned int>, at::native::memory::LoadWithoutCast, at::native::memory::StoreWithoutCast>(int, T1, T2, T4, T5, T6, T7)"
0.0,23679,1,23679.0,23679.0,23679,23679,0.0,"void at_cuda_detail::cub::detail::scan::DeviceScanKernel<at_cuda_detail::cub::detail::scan::policy_hub<long, long, long, unsigned int, at::cuda::cub::<unnamed>::SumOp<long>>::Policy1000, thrust::THRUST_300001_SM_750_800_860_900_1000_1200_NS::transform_iterator<at::cuda::cub::<unnamed>::CountMaskOp, const unsigned char *, thrust::THRUST_300001_SM_750_800_860_900_1000_1200_NS::use_default, thrust::THRUST_300001_SM_750_800_860_900_1000_1200_NS::use_default>, long *, at_cuda_detail::cub::ScanTileState<long, (bool)1>, at::cuda::cub::<unnamed>::SumOp<long>, at_cuda_detail::cub::detail::InputValue<long, long *>, unsigned int, long, (bool)0, long>(T2, T3, T4, int, T5, T6, T7)"
0.0,22880,16,1430.0,1344.0,1280,2336,264.8,"void at::native::unrolled_elementwise_kernel<at::native::BinaryFunctor<long, long, bool, at::native::<unnamed>::CompareEqFunctor<long>>, std::array<char *, (unsigned long)3>, (int)4, TrivialOffsetCalculator<(int)2, unsigned int>, TrivialOffsetCalculator<(int)1, unsigned int>, at::native::memory::LoadWithoutCast, at::native::memory::StoreWithoutCast>(int, T1, T2, T4, T5, T6, T7)"
0.0,16224,9,1802.7,1600.0,1568,3328,574.2,"void at::native::vectorized_elementwise_kernel<(int)4, at::native::BinaryFunctor<long, long, bool, at::native::<unnamed>::CompareEqFunctor<long>>, std::array<char *, (unsigned long)3>>(int, T2, T3)"
0.0,15200,2,7600.0,7600.0,7392,7808,294.2,"void at::native::reduce_kernel<(int)512, (int)1, at::native::ReduceOp<long, at::native::func_wrapper_t<long, at::native::sum_functor<long, long, long>::operator ()(at::TensorIterator &)::[lambda(long, long) (instance 1)]>, unsigned int, long, (int)4, (int)4>>(T3)"
0.0,13760,8,1720.0,1616.0,1536,2528,328.0,"void at::native::vectorized_elementwise_kernel<(int)2, at::native::BinaryFunctor<long, long, bool, at::native::<unnamed>::CompareEqFunctor<long>>, std::array<char *, (unsigned long)3>>(int, T2, T3)"
0.0,12032,2,6016.0,6016.0,2336,9696,5204.3,"void at::native::elementwise_kernel<(int)128, (int)4, void at::native::gpu_kernel_impl_nocast<at::native::BinaryFunctor<bool, bool, bool, at::native::BitwiseAndFunctor<bool>>>(at::TensorIteratorBase &, const T1 &)::[lambda(int) (instance 1)]>(int, T3)"
0.0,12000,2,6000.0,6000.0,4800,7200,1697.1,"void at::native::unrolled_elementwise_kernel<at::native::direct_copy_kernel_cuda(at::TensorIteratorBase &)::[lambda() (instance 3)]::operator ()() const::[lambda() (instance 4)]::operator ()() const::[lambda(long) (instance 1)], std::array<char *, (unsigned long)2>, (int)4, TrivialOffsetCalculator<(int)1, unsigned int>, TrivialOffsetCalculator<(int)1, unsigned int>, at::native::memory::LoadWithCast<(int)1>, at::native::memory::StoreWithCast<(int)1>>(int, T1, T2, T4, T5, T6, T7)"
0.0,10016,1,10016.0,10016.0,10016,10016,0.0,"void at::native::elementwise_kernel<(int)128, (int)4, void at::native::gpu_kernel_impl_nocast<at::native::direct_copy_kernel_cuda(at::TensorIteratorBase &)::[lambda() (instance 3)]::operator ()() const::[lambda() (instance 11)]::operator ()() const::[lambda(bool) (instance 1)]>(at::TensorIteratorBase &, const T1 &)::[lambda(int) (instance 1)]>(int, T3)"
0.0,7488,1,7488.0,7488.0,7488,7488,0.0,"void at::native::vectorized_elementwise_kernel<(int)4, at::native::GeluCUDAKernelImpl(at::TensorIteratorBase &, at::native::GeluType)::[lambda() (instance 2)]::operator ()() const::[lambda() (instance 3)]::operator ()() const::[lambda(c10::Half) (instance 1)], std::array<char *, (unsigned long)2>>(int, T2, T3)"
0.0,6848,1,6848.0,6848.0,6848,6848,0.0,"void at::native::vectorized_gather_kernel<(int)16, long>(char *, char *, T2 *, int, long, long, long, long, bool)"
0.0,6560,1,6560.0,6560.0,6560,6560,0.0,"void at::native::index_elementwise_kernel<(int)128, (int)4, void at::native::gpu_index_kernel<void at::native::index_kernel_impl<at::native::OpaqueType<(int)1>>(at::TensorIteratorBase &, c10::ArrayRef<long>, c10::ArrayRef<long>)::[lambda(char *, const char *, long) (instance 1)]>(at::TensorIteratorBase &, c10::ArrayRef<long>, c10::ArrayRef<long>, const T1 &, bool)::[lambda(int) (instance 1)]>(long, T3)"
0.0,4160,1,4160.0,4160.0,4160,4160,0.0,"void at::native::unrolled_elementwise_kernel<at::native::direct_copy_kernel_cuda(at::TensorIteratorBase &)::[lambda() (instance 3)]::operator ()() const::[lambda() (instance 11)]::operator ()() const::[lambda(bool) (instance 1)], std::array<char *, (unsigned long)2>, (int)4, TrivialOffsetCalculator<(int)1, unsigned int>, TrivialOffsetCalculator<(int)1, unsigned int>, at::native::memory::LoadWithCast<(int)1>, at::native::memory::StoreWithCast<(int)1>>(int, T1, T2, T4, T5, T6, T7)"
0.0,3264,2,1632.0,1632.0,1504,1760,181.0,"void at::native::vectorized_elementwise_kernel<(int)4, void at::native::compare_scalar_kernel<long>(at::TensorIteratorBase &, at::native::<unnamed>::OpType, T1)::[lambda(long) (instance 1)], std::array<char *, (unsigned long)2>>(int, T2, T3)"
0.0,3072,2,1536.0,1536.0,1056,2016,678.8,"void at_cuda_detail::cub::detail::scan::DeviceScanInitKernel<at_cuda_detail::cub::ScanTileState<long, (bool)1>>(T1, int)"
0.0,2624,1,2624.0,2624.0,2624,2624,0.0,"void at::native::vectorized_elementwise_kernel<(int)2, at::native::AUnaryFunctor<long, long, long, at::native::binary_internal::MulFunctor<long>>, std::array<char *, (unsigned long)2>>(int, T2, T3)"
0.0,2624,1,2624.0,2624.0,2624,2624,0.0,"void at::native::vectorized_elementwise_kernel<(int)2, at::native::FillFunctor<long>, std::array<char *, (unsigned long)1>>(int, T2, T3)"
0.0,2528,1,2528.0,2528.0,2528,2528,0.0,"at::native::<unnamed>::masked_scatter_size_check(const long *, const bool *, long)"
0.0,2528,1,2528.0,2528.0,2528,2528,0.0,"void at_cuda_detail::cub::detail::scan::DeviceScanKernel<at_cuda_detail::cub::detail::scan::policy_hub<long, long, long, unsigned int, std::plus<long>>::Policy1000, const long *, long *, at_cuda_detail::cub::ScanTileState<long, (bool)1>, std::plus<long>, at_cuda_detail::cub::NullType, unsigned int, long, (bool)0, at_cuda_detail::cub::NullType>(T2, T3, T4, int, T5, T6, T7)"
0.0,1632,1,1632.0,1632.0,1632,1632,0.0,"void at::native::elementwise_kernel<(int)128, (int)2, void at::native::gpu_kernel_impl_nocast<at::native::direct_copy_kernel_cuda(at::TensorIteratorBase &)::[lambda() (instance 3)]::operator ()() const::[lambda() (instance 4)]::operator ()() const::[lambda(long) (instance 1)]>(at::TensorIteratorBase &, const T1 &)::[lambda(int) (instance 1)]>(int, T3)"
0.0,1632,1,1632.0,1632.0,1632,1632,0.0,"void at::native::vectorized_elementwise_kernel<(int)2, at::native::<unnamed>::masked_fill_kernel(at::TensorIterator &, const c10::Scalar &)::[lambda() (instance 1)]::operator ()() const::[lambda() (instance 4)]::operator ()() const::[lambda(long, bool) (instance 1)], std::array<char *, (unsigned long)3>>(int, T2, T3)"
